"Inicio del informe","Fin del informe","Nombre de la campaña","Entrega de la campaña","Configuración de atribución",Resultados,"Indicador de resultado",Alcance,Frecuencia,"Costo por resultados","Presupuesto del conjunto de anuncios","Tipo de presupuesto del conjunto de anuncios","Importe gastado (COP)",Finalización,Impresiones,"CPM (costo por mil impresiones) (COP)","Clics en el enlace",shop_clicks,"CPC (costo por clic en el enlace) (COP)","CTR (porcentaje de clics en el enlace)","Clics (todos)","CTR (todos)","CPC (todos) (COP)","Visitas a la página de destino","Costo por visita a la página de destino (COP)"
2026-05-04,2026-05-04,"KIT-DE-LIMPIEZA-PARA-BIBERONES - 26-04-2026",active,"7 días tras clic, 1 día tras visualización o 1 día tras visualización activa",3,actions:offsite_conversion.fb_pixel_purchase,5469,1.150119,13102,60000,Diario,39306,"En curso",6290,6248.966614,93,,422.645161,1.478537,128,2.034976,307.078125,76,517.184211
2026-05-04,2026-05-04,"Limpiador Eléctrico Biberones — 21 ABR",inactive,"7 días tras clic",,,0,0,,60000,Diario,0,"En curso",0,0,,,,,0,0,0,,
2026-05-04,2026-05-04,"KIT DE LIMPIEZA PARA BIBERONES",inactive,"7 días tras clic, 1 día tras visualización o 1 día tras visualización activa",,,0,0,,40000,Diario,0,"En curso",0,0,,,,,0,0,0,,
2026-05-04,2026-05-04,"Armadura Dental - Sensibilidad",inactive,"7 días tras clic, 1 día tras visualización o 1 día tras visualización activa",,,0,0,,60000,Diario,0,"En curso",0,0,,,,,0,0,0,,
2026-05-04,2026-05-04,"Armadura Dental",inactive,"7 días tras clic, 1 día tras visualización o 1 día tras visualización activa",,,0,0,,60000,Diario,0,"En curso",0,0,,,,,0,0,0,,
2026-05-04,2026-05-04,"Malla de seguridad para auto",inactive,"7 días tras clic, 1 día tras visualización o 1 día tras visualización activa",,,0,0,,30000,Diario,0,"En curso",0,0,,,,,0,0,0,,
2026-05-04,2026-05-04,CleanDriver,inactive,"7 días tras clic, 1 día tras visualización o 1 día tras visualización activa",,,0,0,,60000,Diario,0,"En curso",0,0,,,,,0,0,0,,
2026-05-04,2026-05-04,Prosmin,inactive,"7 días tras clic, 1 día tras visualización o 1 día tras visualización activa",,,0,0,,60000,Diario,0,"En curso",0,0,,,,,0,0,0,,
2026-05-04,2026-05-04,"Quitaoxido Addio 1 Litro",inactive,"7 días tras clic o 1 día tras visualización",,,0,0,,20000,Diario,0,"En curso",0,0,,,,,0,0,0,,
2026-05-04,2026-05-04,"BASE EN BARRA 2 EN 1",inactive,"7 días tras clic, 1 día tras visualización o 1 día tras visualización activa",,,0,0,,60000,Diario,0,"En curso",0,0,,,,,0,0,0,,
2026-05-03,2026-05-03,"KIT-DE-LIMPIEZA-PARA-BIBERONES - 26-04-2026",active,"7 días tras clic, 1 día tras visualización o 1 día tras visualización activa",5,actions:offsite_conversion.fb_pixel_purchase,7021,1.342686,11952.2,60000,Diario,59761,"En curso",9427,6339.344436,142,,420.852113,1.506312,208,2.206428,287.3125,113,528.858407
2026-05-03,2026-05-03,"Limpiador Eléctrico Biberones — 21 ABR",inactive,"7 días tras clic",,,0,0,,60000,Diario,0,"En curso",0,0,,,,,0,0,0,,
2026-05-03,2026-05-03,"KIT DE LIMPIEZA PARA BIBERONES",inactive,"7 días tras clic, 1 día tras visualización o 1 día tras visualización activa",,,0,0,,40000,Diario,0,"En curso",0,0,,,,,0,0,0,,
2026-05-03,2026-05-03,"Armadura Dental - Sensibilidad",inactive,"7 días tras clic, 1 día tras visualización o 1 día tras visualización activa",,,0,0,,60000,Diario,0,"En curso",0,0,,,,,0,0,0,,
2026-05-03,2026-05-03,"Armadura Dental",inactive,"7 días tras clic, 1 día tras visualización o 1 día tras visualización activa",,,0,0,,60000,Diario,0,"En curso",0,0,,,,,0,0,0,,
2026-05-03,2026-05-03,"Malla de seguridad para auto",inactive,"7 días tras clic, 1 día tras visualización o 1 día tras visualización activa",,,0,0,,30000,Diario,0,"En curso",0,0,,,,,0,0,0,,
2026-05-03,2026-05-03,CleanDriver,inactive,"7 días tras clic, 1 día tras visualización o 1 día tras visualización activa",,,0,0,,60000,Diario,0,"En curso",0,0,,,,,0,0,0,,
2026-05-03,2026-05-03,Prosmin,inactive,"7 días tras clic, 1 día tras visualización o 1 día tras visualización activa",,,0,0,,60000,Diario,0,"En curso",0,0,,,,,0,0,0,,
2026-05-03,2026-05-03,"Quitaoxido Addio 1 Litro",inactive,"7 días tras clic o 1 día tras visualización",,,0,0,,20000,Diario,0,"En curso",0,0,,,,,0,0,0,,
2026-05-03,2026-05-03,"BASE EN BARRA 2 EN 1",inactive,"7 días tras clic, 1 día tras visualización o 1 día tras visualización activa",,,0,0,,60000,Diario,0,"En curso",0,0,,,,,0,0,0,,
2026-05-02,2026-05-02,"KIT-DE-LIMPIEZA-PARA-BIBERONES - 26-04-2026",active,"7 días tras clic, 1 día tras visualización o 1 día tras visualización activa",4,actions:offsite_conversion.fb_pixel_purchase,6596,1.209976,12446,60000,Diario,49784,"En curso",7981,6237.81481,112,,444.5,1.403333,162,2.029821,307.308642,89,559.370787
2026-05-02,2026-05-02,"Limpiador Eléctrico Biberones — 21 ABR",inactive,"7 días tras clic",,,0,0,,60000,Diario,0,"En curso",0,0,,,,,0,0,0,,
2026-05-02,2026-05-02,"KIT DE LIMPIEZA PARA BIBERONES",inactive,"7 días tras clic, 1 día tras visualización o 1 día tras visualización activa",,,0,0,,40000,Diario,0,"En curso",0,0,,,,,0,0,0,,
2026-05-02,2026-05-02,"Armadura Dental - Sensibilidad",inactive,"7 días tras clic, 1 día tras visualización o 1 día tras visualización activa",,,0,0,,60000,Diario,0,"En curso",0,0,,,,,0,0,0,,
2026-05-02,2026-05-02,"Armadura Dental",inactive,"7 días tras clic, 1 día tras visualización o 1 día tras visualización activa",,,0,0,,60000,Diario,0,"En curso",0,0,,,,,0,0,0,,
2026-05-02,2026-05-02,"Malla de seguridad para auto",inactive,"7 días tras clic, 1 día tras visualización o 1 día tras visualización activa",,,0,0,,30000,Diario,0,"En curso",0,0,,,,,0,0,0,,
2026-05-02,2026-05-02,CleanDriver,inactive,"7 días tras clic, 1 día tras visualización o 1 día tras visualización activa",,,0,0,,60000,Diario,0,"En curso",0,0,,,,,0,0,0,,
2026-05-02,2026-05-02,Prosmin,inactive,"7 días tras clic, 1 día tras visualización o 1 día tras visualización activa",,,0,0,,60000,Diario,0,"En curso",0,0,,,,,0,0,0,,
2026-05-02,2026-05-02,"Quitaoxido Addio 1 Litro",inactive,"7 días tras clic o 1 día tras visualización",,,0,0,,20000,Diario,0,"En curso",0,0,,,,,0,0,0,,
2026-05-02,2026-05-02,"BASE EN BARRA 2 EN 1",inactive,"7 días tras clic, 1 día tras visualización o 1 día tras visualización activa",,,0,0,,60000,Diario,0,"En curso",0,0,,,,,0,0,0,,
2026-05-01,2026-05-01,"KIT-DE-LIMPIEZA-PARA-BIBERONES - 26-04-2026",active,"7 días tras clic, 1 día tras visualización o 1 día tras visualización activa",4,actions:offsite_conversion.fb_pixel_purchase,8978,1.253286,18549.25,60000,Diario,74197,"En curso",11252,6594.116601,178,,416.837079,1.581941,249,2.21294,297.97992,150,494.646667
2026-05-01,2026-05-01,"Limpiador Eléctrico Biberones — 21 ABR",inactive,"7 días tras clic",,,0,0,,60000,Diario,0,"En curso",0,0,,,,,0,0,0,,
2026-05-01,2026-05-01,"KIT DE LIMPIEZA PARA BIBERONES",inactive,"7 días tras clic, 1 día tras visualización o 1 día tras visualización activa",,,0,0,,40000,Diario,0,"En curso",0,0,,,,,0,0,0,,
2026-05-01,2026-05-01,"Armadura Dental - Sensibilidad",inactive,"7 días tras clic, 1 día tras visualización o 1 día tras visualización activa",,,0,0,,60000,Diario,0,"En curso",0,0,,,,,0,0,0,,
2026-05-01,2026-05-01,"Armadura Dental",inactive,"7 días tras clic, 1 día tras visualización o 1 día tras visualización activa",,,0,0,,60000,Diario,0,"En curso",0,0,,,,,0,0,0,,
2026-05-01,2026-05-01,"Malla de seguridad para auto",inactive,"7 días tras clic, 1 día tras visualización o 1 día tras visualización activa",,,0,0,,30000,Diario,0,"En curso",0,0,,,,,0,0,0,,
2026-05-01,2026-05-01,CleanDriver,inactive,"7 días tras clic, 1 día tras visualización o 1 día tras visualización activa",,,0,0,,60000,Diario,0,"En curso",0,0,,,,,0,0,0,,
2026-05-01,2026-05-01,Prosmin,inactive,"7 días tras clic, 1 día tras visualización o 1 día tras visualización activa",,,0,0,,60000,Diario,0,"En curso",0,0,,,,,0,0,0,,
2026-05-01,2026-05-01,"Quitaoxido Addio 1 Litro",inactive,"7 días tras clic o 1 día tras visualización",,,0,0,,20000,Diario,0,"En curso",0,0,,,,,0,0,0,,
2026-05-01,2026-05-01,"BASE EN BARRA 2 EN 1",inactive,"7 días tras clic, 1 día tras visualización o 1 día tras visualización activa",,,0,0,,60000,Diario,0,"En curso",0,0,,,,,0,0,0,,
2026-04-30,2026-04-30,"KIT-DE-LIMPIEZA-PARA-BIBERONES - 26-04-2026",active,"7 días tras clic, 1 día tras visualización o 1 día tras visualización activa",4,actions:offsite_conversion.fb_pixel_purchase,6342,1.242668,14115.25,60000,Diario,56461,"En curso",7881,7164.192361,113,,499.654867,1.433828,171,2.169775,330.181287,83,680.253012
2026-04-30,2026-04-30,"Limpiador Eléctrico Biberones — 21 ABR",inactive,"7 días tras clic",,,0,0,,60000,Diario,0,"En curso",0,0,,,,,0,0,0,,
2026-04-30,2026-04-30,"KIT DE LIMPIEZA PARA BIBERONES",inactive,"7 días tras clic, 1 día tras visualización o 1 día tras visualización activa",,,0,0,,40000,Diario,0,"En curso",0,0,,,,,0,0,0,,
2026-04-30,2026-04-30,"Armadura Dental - Sensibilidad",inactive,"7 días tras clic, 1 día tras visualización o 1 día tras visualización activa",,,0,0,,60000,Diario,0,"En curso",0,0,,,,,0,0,0,,
2026-04-30,2026-04-30,"Armadura Dental",inactive,"7 días tras clic, 1 día tras visualización o 1 día tras visualización activa",,,0,0,,60000,Diario,0,"En curso",0,0,,,,,0,0,0,,
2026-04-30,2026-04-30,"Malla de seguridad para auto",inactive,"7 días tras clic, 1 día tras visualización o 1 día tras visualización activa",,,0,0,,30000,Diario,0,"En curso",0,0,,,,,0,0,0,,
2026-04-30,2026-04-30,CleanDriver,inactive,"7 días tras clic, 1 día tras visualización o 1 día tras visualización activa",,,0,0,,60000,Diario,0,"En curso",0,0,,,,,0,0,0,,
2026-04-30,2026-04-30,Prosmin,inactive,"7 días tras clic, 1 día tras visualización o 1 día tras visualización activa",,,0,0,,60000,Diario,0,"En curso",0,0,,,,,0,0,0,,
2026-04-30,2026-04-30,"Quitaoxido Addio 1 Litro",inactive,"7 días tras clic o 1 día tras visualización",,,0,0,,20000,Diario,0,"En curso",0,0,,,,,0,0,0,,
2026-04-30,2026-04-30,"BASE EN BARRA 2 EN 1",inactive,"7 días tras clic, 1 día tras visualización o 1 día tras visualización activa",,,0,0,,60000,Diario,0,"En curso",0,0,,,,,0,0,0,,
2026-04-29,2026-04-29,"KIT-DE-LIMPIEZA-PARA-BIBERONES - 26-04-2026",active,"7 días tras clic, 1 día tras visualización o 1 día tras visualización activa",2,actions:offsite_conversion.fb_pixel_purchase,6014,1.228633,25370.5,60000,Diario,50741,"En curso",7389,6867.099743,114,,445.096491,1.542834,163,2.205982,311.294479,90,563.788889
2026-04-29,2026-04-29,"Limpiador Eléctrico Biberones — 21 ABR",inactive,"7 días tras clic",,,0,0,,60000,Diario,0,"En curso",0,0,,,,,0,0,0,,
2026-04-29,2026-04-29,"KIT DE LIMPIEZA PARA BIBERONES",inactive,"7 días tras clic, 1 día tras visualización o 1 día tras visualización activa",,,0,0,,40000,Diario,0,"En curso",0,0,,,,,0,0,0,,
2026-04-29,2026-04-29,"Armadura Dental - Sensibilidad",inactive,"7 días tras clic, 1 día tras visualización o 1 día tras visualización activa",,,0,0,,60000,Diario,0,"En curso",0,0,,,,,0,0,0,,
2026-04-29,2026-04-29,"Armadura Dental",inactive,"7 días tras clic, 1 día tras visualización o 1 día tras visualización activa",,,0,0,,60000,Diario,0,"En curso",0,0,,,,,0,0,0,,
2026-04-29,2026-04-29,"Malla de seguridad para auto",inactive,"7 días tras clic, 1 día tras visualización o 1 día tras visualización activa",,,0,0,,30000,Diario,0,"En curso",0,0,,,,,0,0,0,,
2026-04-29,2026-04-29,CleanDriver,inactive,"7 días tras clic, 1 día tras visualización o 1 día tras visualización activa",,,0,0,,60000,Diario,0,"En curso",0,0,,,,,0,0,0,,
2026-04-29,2026-04-29,Prosmin,inactive,"7 días tras clic, 1 día tras visualización o 1 día tras visualización activa",,,0,0,,60000,Diario,0,"En curso",0,0,,,,,0,0,0,,
2026-04-29,2026-04-29,"Quitaoxido Addio 1 Litro",inactive,"7 días tras clic o 1 día tras visualización",,,0,0,,20000,Diario,0,"En curso",0,0,,,,,0,0,0,,
2026-04-29,2026-04-29,"BASE EN BARRA 2 EN 1",inactive,"7 días tras clic, 1 día tras visualización o 1 día tras visualización activa",,,0,0,,60000,Diario,0,"En curso",0,0,,,,,0,0,0,,
2026-04-28,2026-04-28,"KIT-DE-LIMPIEZA-PARA-BIBERONES - 26-04-2026",active,"7 días tras clic, 1 día tras visualización o 1 día tras visualización activa",7,actions:offsite_conversion.fb_pixel_purchase,8376,1.271251,9880.85714286,60000,Diario,69166,"En curso",10648,6495.67994,141,,490.539007,1.324192,214,2.009767,323.205607,114,606.719298
2026-04-28,2026-04-28,"Limpiador Eléctrico Biberones — 21 ABR",inactive,"7 días tras clic",,,0,0,,60000,Diario,0,"En curso",0,0,,,,,0,0,0,,
2026-04-28,2026-04-28,"KIT DE LIMPIEZA PARA BIBERONES",inactive,"7 días tras clic, 1 día tras visualización o 1 día tras visualización activa",,,0,0,,40000,Diario,0,"En curso",0,0,,,,,0,0,0,,
2026-04-28,2026-04-28,"Armadura Dental - Sensibilidad",inactive,"7 días tras clic, 1 día tras visualización o 1 día tras visualización activa",,,0,0,,60000,Diario,0,"En curso",0,0,,,,,0,0,0,,
2026-04-28,2026-04-28,"Armadura Dental",inactive,"7 días tras clic, 1 día tras visualización o 1 día tras visualización activa",,,0,0,,60000,Diario,0,"En curso",0,0,,,,,0,0,0,,
2026-04-28,2026-04-28,"Malla de seguridad para auto",inactive,"7 días tras clic, 1 día tras visualización o 1 día tras visualización activa",,,0,0,,30000,Diario,0,"En curso",0,0,,,,,0,0,0,,
2026-04-28,2026-04-28,CleanDriver,inactive,"7 días tras clic, 1 día tras visualización o 1 día tras visualización activa",,,0,0,,60000,Diario,0,"En curso",0,0,,,,,0,0,0,,
2026-04-28,2026-04-28,Prosmin,inactive,"7 días tras clic, 1 día tras visualización o 1 día tras visualización activa",,,0,0,,60000,Diario,0,"En curso",0,0,,,,,0,0,0,,
2026-04-28,2026-04-28,"Quitaoxido Addio 1 Litro",inactive,"7 días tras clic o 1 día tras visualización",,,0,0,,20000,Diario,0,"En curso",0,0,,,,,0,0,0,,
2026-04-28,2026-04-28,"BASE EN BARRA 2 EN 1",inactive,"7 días tras clic, 1 día tras visualización o 1 día tras visualización activa",,,0,0,,60000,Diario,0,"En curso",0,0,,,,,0,0,0,,
2026-04-27,2026-04-27,"KIT-DE-LIMPIEZA-PARA-BIBERONES - 26-04-2026",active,"7 días tras clic, 1 día tras visualización o 1 día tras visualización activa",5,actions:offsite_conversion.fb_pixel_purchase,4851,1.360132,9037.6,60000,Diario,45188,"En curso",6598,6848.742043,104,,434.5,1.576235,157,2.379509,287.821656,87,519.402299
2026-04-27,2026-04-27,"Limpiador Eléctrico Biberones — 21 ABR",inactive,"7 días tras clic",,,0,0,,60000,Diario,0,"En curso",0,0,,,,,0,0,0,,
2026-04-27,2026-04-27,"KIT DE LIMPIEZA PARA BIBERONES",inactive,"7 días tras clic, 1 día tras visualización o 1 día tras visualización activa",,,0,0,,40000,Diario,0,"En curso",0,0,,,,,0,0,0,,
2026-04-27,2026-04-27,"Armadura Dental - Sensibilidad",inactive,"7 días tras clic, 1 día tras visualización o 1 día tras visualización activa",,,0,0,,60000,Diario,0,"En curso",0,0,,,,,0,0,0,,
2026-04-27,2026-04-27,"Armadura Dental",inactive,"7 días tras clic, 1 día tras visualización o 1 día tras visualización activa",,,0,0,,60000,Diario,0,"En curso",0,0,,,,,0,0,0,,
2026-04-27,2026-04-27,"Malla de seguridad para auto",inactive,"7 días tras clic, 1 día tras visualización o 1 día tras visualización activa",,,0,0,,30000,Diario,0,"En curso",0,0,,,,,0,0,0,,
2026-04-27,2026-04-27,CleanDriver,inactive,"7 días tras clic, 1 día tras visualización o 1 día tras visualización activa",,,0,0,,60000,Diario,0,"En curso",0,0,,,,,0,0,0,,
2026-04-27,2026-04-27,Prosmin,inactive,"7 días tras clic, 1 día tras visualización o 1 día tras visualización activa",,,0,0,,60000,Diario,0,"En curso",0,0,,,,,0,0,0,,
2026-04-27,2026-04-27,"Quitaoxido Addio 1 Litro",inactive,"7 días tras clic o 1 día tras visualización",,,0,0,,20000,Diario,0,"En curso",0,0,,,,,0,0,0,,
2026-04-27,2026-04-27,"BASE EN BARRA 2 EN 1",inactive,"7 días tras clic, 1 día tras visualización o 1 día tras visualización activa",,,0,0,,60000,Diario,0,"En curso",0,0,,,,,0,0,0,,
2026-04-26,2026-04-26,"KIT-DE-LIMPIEZA-PARA-BIBERONES - 26-04-2026",active,"7 días tras clic, 1 día tras visualización o 1 día tras visualización activa",,,0,0,,60000,Diario,0,"En curso",0,0,,,,,0,0,0,,
2026-04-26,2026-04-26,"Limpiador Eléctrico Biberones — 21 ABR",inactive,"7 días tras clic",,,0,0,,60000,Diario,0,"En curso",0,0,,,,,0,0,0,,
2026-04-26,2026-04-26,"KIT DE LIMPIEZA PARA BIBERONES",inactive,"7 días tras clic, 1 día tras visualización o 1 día tras visualización activa",,,0,0,,40000,Diario,0,"En curso",0,0,,,,,0,0,0,,
2026-04-26,2026-04-26,"Armadura Dental - Sensibilidad",inactive,"7 días tras clic, 1 día tras visualización o 1 día tras visualización activa",,,0,0,,60000,Diario,0,"En curso",0,0,,,,,0,0,0,,
2026-04-26,2026-04-26,"Armadura Dental",inactive,"7 días tras clic, 1 día tras visualización o 1 día tras visualización activa",,,0,0,,60000,Diario,0,"En curso",0,0,,,,,0,0,0,,
2026-04-26,2026-04-26,"Malla de seguridad para auto",inactive,"7 días tras clic, 1 día tras visualización o 1 día tras visualización activa",,,0,0,,30000,Diario,0,"En curso",0,0,,,,,0,0,0,,
2026-04-26,2026-04-26,CleanDriver,inactive,"7 días tras clic, 1 día tras visualización o 1 día tras visualización activa",,,0,0,,60000,Diario,0,"En curso",0,0,,,,,0,0,0,,
2026-04-26,2026-04-26,Prosmin,inactive,"7 días tras clic, 1 día tras visualización o 1 día tras visualización activa",,,0,0,,60000,Diario,0,"En curso",0,0,,,,,0,0,0,,
2026-04-26,2026-04-26,"Quitaoxido Addio 1 Litro",inactive,"7 días tras clic o 1 día tras visualización",,,0,0,,20000,Diario,0,"En curso",0,0,,,,,0,0,0,,
2026-04-26,2026-04-26,"BASE EN BARRA 2 EN 1",inactive,"7 días tras clic, 1 día tras visualización o 1 día tras visualización activa",,,0,0,,60000,Diario,0,"En curso",0,0,,,,,0,0,0,,
2026-04-25,2026-04-25,"KIT-DE-LIMPIEZA-PARA-BIBERONES - 26-04-2026",active,"7 días tras clic, 1 día tras visualización o 1 día tras visualización activa",,,0,0,,60000,Diario,0,"En curso",0,0,,,,,0,0,0,,
2026-04-25,2026-04-25,"Limpiador Eléctrico Biberones — 21 ABR",inactive,"7 días tras clic",,,0,0,,60000,Diario,0,"En curso",0,0,,,,,0,0,0,,
2026-04-25,2026-04-25,"KIT DE LIMPIEZA PARA BIBERONES",inactive,"7 días tras clic, 1 día tras visualización o 1 día tras visualización activa",,,0,0,,40000,Diario,0,"En curso",0,0,,,,,0,0,0,,
2026-04-25,2026-04-25,"Armadura Dental - Sensibilidad",inactive,"7 días tras clic, 1 día tras visualización o 1 día tras visualización activa",,,0,0,,60000,Diario,0,"En curso",0,0,,,,,0,0,0,,
2026-04-25,2026-04-25,"Armadura Dental",inactive,"7 días tras clic, 1 día tras visualización o 1 día tras visualización activa",,,0,0,,60000,Diario,0,"En curso",0,0,,,,,0,0,0,,
2026-04-25,2026-04-25,"Malla de seguridad para auto",inactive,"7 días tras clic, 1 día tras visualización o 1 día tras visualización activa",,,0,0,,30000,Diario,0,"En curso",0,0,,,,,0,0,0,,
2026-04-25,2026-04-25,CleanDriver,inactive,"7 días tras clic, 1 día tras visualización o 1 día tras visualización activa",,,0,0,,60000,Diario,0,"En curso",0,0,,,,,0,0,0,,
2026-04-25,2026-04-25,Prosmin,inactive,"7 días tras clic, 1 día tras visualización o 1 día tras visualización activa",,,0,0,,60000,Diario,0,"En curso",0,0,,,,,0,0,0,,
2026-04-25,2026-04-25,"Quitaoxido Addio 1 Litro",inactive,"7 días tras clic o 1 día tras visualización",,,0,0,,20000,Diario,0,"En curso",0,0,,,,,0,0,0,,
2026-04-25,2026-04-25,"BASE EN BARRA 2 EN 1",inactive,"7 días tras clic, 1 día tras visualización o 1 día tras visualización activa",,,0,0,,60000,Diario,0,"En curso",0,0,,,,,0,0,0,,
2026-04-24,2026-04-24,"KIT-DE-LIMPIEZA-PARA-BIBERONES - 26-04-2026",active,"7 días tras clic, 1 día tras visualización o 1 día tras visualización activa",,,0,0,,60000,Diario,0,"En curso",0,0,,,,,0,0,0,,
2026-04-24,2026-04-24,"Limpiador Eléctrico Biberones — 21 ABR",inactive,"7 días tras clic",,,0,0,,60000,Diario,0,"En curso",0,0,,,,,0,0,0,,
2026-04-24,2026-04-24,"KIT DE LIMPIEZA PARA BIBERONES",inactive,"7 días tras clic, 1 día tras visualización o 1 día tras visualización activa",,,1623,1.152803,,40000,Diario,17477,"En curso",1871,9340.994121,28,,624.178571,1.496526,45,2.405131,388.377778,25,699.08
2026-04-24,2026-04-24,"Armadura Dental - Sensibilidad",inactive,"7 días tras clic, 1 día tras visualización o 1 día tras visualización activa",,,0,0,,60000,Diario,0,"En curso",0,0,,,,,0,0,0,,
2026-04-24,2026-04-24,"Armadura Dental",inactive,"7 días tras clic, 1 día tras visualización o 1 día tras visualización activa",,,0,0,,60000,Diario,0,"En curso",0,0,,,,,0,0,0,,
2026-04-24,2026-04-24,"Malla de seguridad para auto",inactive,"7 días tras clic, 1 día tras visualización o 1 día tras visualización activa",,,0,0,,30000,Diario,0,"En curso",0,0,,,,,0,0,0,,
2026-04-24,2026-04-24,CleanDriver,inactive,"7 días tras clic, 1 día tras visualización o 1 día tras visualización activa",,,0,0,,60000,Diario,0,"En curso",0,0,,,,,0,0,0,,
2026-04-24,2026-04-24,Prosmin,inactive,"7 días tras clic, 1 día tras visualización o 1 día tras visualización activa",,,0,0,,60000,Diario,0,"En curso",0,0,,,,,0,0,0,,
2026-04-24,2026-04-24,"Quitaoxido Addio 1 Litro",inactive,"7 días tras clic o 1 día tras visualización",,,0,0,,20000,Diario,0,"En curso",0,0,,,,,0,0,0,,
2026-04-24,2026-04-24,"BASE EN BARRA 2 EN 1",inactive,"7 días tras clic, 1 día tras visualización o 1 día tras visualización activa",,,0,0,,60000,Diario,0,"En curso",0,0,,,,,0,0,0,,
2026-04-23,2026-04-23,"KIT-DE-LIMPIEZA-PARA-BIBERONES - 26-04-2026",active,"7 días tras clic, 1 día tras visualización o 1 día tras visualización activa",,,0,0,,60000,Diario,0,"En curso",0,0,,,,,0,0,0,,
2026-04-23,2026-04-23,"Limpiador Eléctrico Biberones — 21 ABR",inactive,"7 días tras clic",,,0,0,,60000,Diario,0,"En curso",0,0,,,,,0,0,0,,
2026-04-23,2026-04-23,"KIT DE LIMPIEZA PARA BIBERONES",inactive,"7 días tras clic, 1 día tras visualización o 1 día tras visualización activa",3,actions:offsite_conversion.fb_pixel_purchase,5878,1.271351,20291,40000,Diario,60873,"En curso",7473,8145.724609,109,,558.46789,1.458584,163,2.181186,373.453988,86,707.825581
2026-04-23,2026-04-23,"Armadura Dental - Sensibilidad",inactive,"7 días tras clic, 1 día tras visualización o 1 día tras visualización activa",,,0,0,,60000,Diario,0,"En curso",0,0,,,,,0,0,0,,
2026-04-23,2026-04-23,"Armadura Dental",inactive,"7 días tras clic, 1 día tras visualización o 1 día tras visualización activa",,,0,0,,60000,Diario,0,"En curso",0,0,,,,,0,0,0,,
2026-04-23,2026-04-23,"Malla de seguridad para auto",inactive,"7 días tras clic, 1 día tras visualización o 1 día tras visualización activa",,,0,0,,30000,Diario,0,"En curso",0,0,,,,,0,0,0,,
2026-04-23,2026-04-23,CleanDriver,inactive,"7 días tras clic, 1 día tras visualización o 1 día tras visualización activa",,,0,0,,60000,Diario,0,"En curso",0,0,,,,,0,0,0,,
2026-04-23,2026-04-23,Prosmin,inactive,"7 días tras clic, 1 día tras visualización o 1 día tras visualización activa",,,0,0,,60000,Diario,0,"En curso",0,0,,,,,0,0,0,,
2026-04-23,2026-04-23,"Quitaoxido Addio 1 Litro",inactive,"7 días tras clic o 1 día tras visualización",,,0,0,,20000,Diario,0,"En curso",0,0,,,,,0,0,0,,
2026-04-23,2026-04-23,"BASE EN BARRA 2 EN 1",inactive,"7 días tras clic, 1 día tras visualización o 1 día tras visualización activa",,,0,0,,60000,Diario,0,"En curso",0,0,,,,,0,0,0,,
2026-04-22,2026-04-22,"KIT-DE-LIMPIEZA-PARA-BIBERONES - 26-04-2026",active,"7 días tras clic, 1 día tras visualización o 1 día tras visualización activa",,,0,0,,60000,Diario,0,"En curso",0,0,,,,,0,0,0,,
2026-04-22,2026-04-22,"Limpiador Eléctrico Biberones — 21 ABR",inactive,"7 días tras clic",,,363,1.104683,,60000,Diario,5341,"En curso",401,13319.201995,6,,890.166667,1.496259,10,2.493766,534.1,5,1068.2
2026-04-22,2026-04-22,"KIT DE LIMPIEZA PARA BIBERONES",inactive,"7 días tras clic, 1 día tras visualización o 1 día tras visualización activa",1,actions:offsite_conversion.fb_pixel_purchase,7642,1.235933,63718,40000,Diario,63718,"En curso",9445,6746.214929,118,,539.983051,1.249338,177,1.874007,359.988701,89,715.932584
2026-04-22,2026-04-22,"Armadura Dental - Sensibilidad",inactive,"7 días tras clic, 1 día tras visualización o 1 día tras visualización activa",,,0,0,,60000,Diario,0,"En curso",0,0,,,,,0,0,0,,
2026-04-22,2026-04-22,"Armadura Dental",inactive,"7 días tras clic, 1 día tras visualización o 1 día tras visualización activa",,,0,0,,60000,Diario,0,"En curso",0,0,,,,,0,0,0,,
2026-04-22,2026-04-22,"Malla de seguridad para auto",inactive,"7 días tras clic, 1 día tras visualización o 1 día tras visualización activa",,,0,0,,30000,Diario,0,"En curso",0,0,,,,,0,0,0,,
2026-04-22,2026-04-22,CleanDriver,inactive,"7 días tras clic, 1 día tras visualización o 1 día tras visualización activa",,,0,0,,60000,Diario,0,"En curso",0,0,,,,,0,0,0,,
2026-04-22,2026-04-22,Prosmin,inactive,"7 días tras clic, 1 día tras visualización o 1 día tras visualización activa",,,0,0,,60000,Diario,0,"En curso",0,0,,,,,0,0,0,,
2026-04-22,2026-04-22,"Quitaoxido Addio 1 Litro",inactive,"7 días tras clic o 1 día tras visualización",,,0,0,,20000,Diario,0,"En curso",0,0,,,,,0,0,0,,
2026-04-22,2026-04-22,"BASE EN BARRA 2 EN 1",inactive,"7 días tras clic, 1 día tras visualización o 1 día tras visualización activa",,,0,0,,60000,Diario,0,"En curso",0,0,,,,,0,0,0,,
2026-04-21,2026-04-21,"KIT-DE-LIMPIEZA-PARA-BIBERONES - 26-04-2026",active,"7 días tras clic, 1 día tras visualización o 1 día tras visualización activa",,,0,0,,60000,Diario,0,"En curso",0,0,,,,,0,0,0,,
2026-04-21,2026-04-21,"Limpiador Eléctrico Biberones — 21 ABR",inactive,"7 días tras clic",3,actions:offsite_conversion.fb_pixel_purchase,4201,1.342776,19096.33333333,60000,Diario,57289,"En curso",5641,10155.823436,67,,855.059701,1.187733,97,1.719553,590.608247,46,1245.413043
2026-04-21,2026-04-21,"KIT DE LIMPIEZA PARA BIBERONES",inactive,"7 días tras clic, 1 día tras visualización o 1 día tras visualización activa",2,actions:offsite_conversion.fb_pixel_purchase,8133,1.188983,34128.5,40000,Diario,68257,"En curso",9670,7058.634953,143,,477.321678,1.4788,200,2.068252,341.285,117,583.393162
2026-04-21,2026-04-21,"Armadura Dental - Sensibilidad",inactive,"7 días tras clic, 1 día tras visualización o 1 día tras visualización activa",,,0,0,,60000,Diario,0,"En curso",0,0,,,,,0,0,0,,
2026-04-21,2026-04-21,"Armadura Dental",inactive,"7 días tras clic, 1 día tras visualización o 1 día tras visualización activa",,,0,0,,60000,Diario,0,"En curso",0,0,,,,,0,0,0,,
2026-04-21,2026-04-21,"Malla de seguridad para auto",inactive,"7 días tras clic, 1 día tras visualización o 1 día tras visualización activa",,,0,0,,30000,Diario,0,"En curso",0,0,,,,,0,0,0,,
2026-04-21,2026-04-21,CleanDriver,inactive,"7 días tras clic, 1 día tras visualización o 1 día tras visualización activa",,,0,0,,60000,Diario,0,"En curso",0,0,,,,,0,0,0,,
2026-04-21,2026-04-21,Prosmin,inactive,"7 días tras clic, 1 día tras visualización o 1 día tras visualización activa",,,0,0,,60000,Diario,0,"En curso",0,0,,,,,0,0,0,,
2026-04-21,2026-04-21,"Quitaoxido Addio 1 Litro",inactive,"7 días tras clic o 1 día tras visualización",,,0,0,,20000,Diario,0,"En curso",0,0,,,,,0,0,0,,
2026-04-21,2026-04-21,"BASE EN BARRA 2 EN 1",inactive,"7 días tras clic, 1 día tras visualización o 1 día tras visualización activa",,,0,0,,60000,Diario,0,"En curso",0,0,,,,,0,0,0,,
2026-04-20,2026-04-20,"KIT-DE-LIMPIEZA-PARA-BIBERONES - 26-04-2026",active,"7 días tras clic, 1 día tras visualización o 1 día tras visualización activa",,,0,0,,60000,Diario,0,"En curso",0,0,,,,,0,0,0,,
2026-04-20,2026-04-20,"Limpiador Eléctrico Biberones — 21 ABR",inactive,"7 días tras clic",,,0,0,,60000,Diario,0,"En curso",0,0,,,,,0,0,0,,
2026-04-20,2026-04-20,"KIT DE LIMPIEZA PARA BIBERONES",inactive,"7 días tras clic, 1 día tras visualización o 1 día tras visualización activa",4,actions:offsite_conversion.fb_pixel_purchase,5986,1.244237,13395.75,40000,Diario,53583,"En curso",7448,7194.280344,137,,391.116788,1.83942,187,2.510741,286.540107,105,510.314286
2026-04-20,2026-04-20,"Armadura Dental - Sensibilidad",inactive,"7 días tras clic, 1 día tras visualización o 1 día tras visualización activa",,,0,0,,60000,Diario,0,"En curso",0,0,,,,,0,0,0,,
2026-04-20,2026-04-20,"Armadura Dental",inactive,"7 días tras clic, 1 día tras visualización o 1 día tras visualización activa",,,0,0,,60000,Diario,0,"En curso",0,0,,,,,0,0,0,,
2026-04-20,2026-04-20,"Malla de seguridad para auto",inactive,"7 días tras clic, 1 día tras visualización o 1 día tras visualización activa",,,0,0,,30000,Diario,0,"En curso",0,0,,,,,0,0,0,,
2026-04-20,2026-04-20,CleanDriver,inactive,"7 días tras clic, 1 día tras visualización o 1 día tras visualización activa",,,0,0,,60000,Diario,0,"En curso",0,0,,,,,0,0,0,,
2026-04-20,2026-04-20,Prosmin,inactive,"7 días tras clic, 1 día tras visualización o 1 día tras visualización activa",,,0,0,,60000,Diario,0,"En curso",0,0,,,,,0,0,0,,
2026-04-20,2026-04-20,"Quitaoxido Addio 1 Litro",inactive,"7 días tras clic o 1 día tras visualización",,,0,0,,20000,Diario,0,"En curso",0,0,,,,,0,0,0,,
2026-04-20,2026-04-20,"BASE EN BARRA 2 EN 1",inactive,"7 días tras clic, 1 día tras visualización o 1 día tras visualización activa",,,0,0,,60000,Diario,0,"En curso",0,0,,,,,0,0,0,,
2026-04-19,2026-04-19,"KIT-DE-LIMPIEZA-PARA-BIBERONES - 26-04-2026",active,"7 días tras clic, 1 día tras visualización o 1 día tras visualización activa",,,0,0,,60000,Diario,0,"En curso",0,0,,,,,0,0,0,,
2026-04-19,2026-04-19,"Limpiador Eléctrico Biberones — 21 ABR",inactive,"7 días tras clic",,,0,0,,60000,Diario,0,"En curso",0,0,,,,,0,0,0,,
2026-04-19,2026-04-19,"KIT DE LIMPIEZA PARA BIBERONES",inactive,"7 días tras clic, 1 día tras visualización o 1 día tras visualización activa",3,actions:offsite_conversion.fb_pixel_purchase,8244,1.195051,21897.66666667,40000,Diario,65693,"En curso",9852,6667.986196,169,,388.715976,1.715388,256,2.598457,256.613281,132,497.674242
2026-04-19,2026-04-19,"Armadura Dental - Sensibilidad",inactive,"7 días tras clic, 1 día tras visualización o 1 día tras visualización activa",,,0,0,,60000,Diario,0,"En curso",0,0,,,,,0,0,0,,
2026-04-19,2026-04-19,"Armadura Dental",inactive,"7 días tras clic, 1 día tras visualización o 1 día tras visualización activa",,,0,0,,60000,Diario,0,"En curso",0,0,,,,,0,0,0,,
2026-04-19,2026-04-19,"Malla de seguridad para auto",inactive,"7 días tras clic, 1 día tras visualización o 1 día tras visualización activa",,,0,0,,30000,Diario,0,"En curso",0,0,,,,,0,0,0,,
2026-04-19,2026-04-19,CleanDriver,inactive,"7 días tras clic, 1 día tras visualización o 1 día tras visualización activa",,,0,0,,60000,Diario,0,"En curso",0,0,,,,,0,0,0,,
2026-04-19,2026-04-19,Prosmin,inactive,"7 días tras clic, 1 día tras visualización o 1 día tras visualización activa",,,0,0,,60000,Diario,0,"En curso",0,0,,,,,0,0,0,,
2026-04-19,2026-04-19,"Quitaoxido Addio 1 Litro",inactive,"7 días tras clic o 1 día tras visualización",,,0,0,,20000,Diario,0,"En curso",0,0,,,,,0,0,0,,
2026-04-19,2026-04-19,"BASE EN BARRA 2 EN 1",inactive,"7 días tras clic, 1 día tras visualización o 1 día tras visualización activa",,,0,0,,60000,Diario,0,"En curso",0,0,,,,,0,0,0,,
2026-04-18,2026-04-18,"KIT-DE-LIMPIEZA-PARA-BIBERONES - 26-04-2026",active,"7 días tras clic, 1 día tras visualización o 1 día tras visualización activa",,,0,0,,60000,Diario,0,"En curso",0,0,,,,,0,0,0,,
2026-04-18,2026-04-18,"Limpiador Eléctrico Biberones — 21 ABR",inactive,"7 días tras clic",,,0,0,,60000,Diario,0,"En curso",0,0,,,,,0,0,0,,
2026-04-18,2026-04-18,"KIT DE LIMPIEZA PARA BIBERONES",inactive,"7 días tras clic, 1 día tras visualización o 1 día tras visualización activa",2,actions:offsite_conversion.fb_pixel_purchase,3533,1.192754,18435,40000,Diario,36870,"En curso",4214,8749.406739,84,,438.928571,1.993355,117,2.776459,315.128205,70,526.714286
2026-04-18,2026-04-18,"Armadura Dental - Sensibilidad",inactive,"7 días tras clic, 1 día tras visualización o 1 día tras visualización activa",,,0,0,,60000,Diario,0,"En curso",0,0,,,,,0,0,0,,
2026-04-18,2026-04-18,"Armadura Dental",inactive,"7 días tras clic, 1 día tras visualización o 1 día tras visualización activa",,,0,0,,60000,Diario,0,"En curso",0,0,,,,,0,0,0,,
2026-04-18,2026-04-18,"Malla de seguridad para auto",inactive,"7 días tras clic, 1 día tras visualización o 1 día tras visualización activa",,,0,0,,30000,Diario,0,"En curso",0,0,,,,,0,0,0,,
2026-04-18,2026-04-18,CleanDriver,inactive,"7 días tras clic, 1 día tras visualización o 1 día tras visualización activa",,,0,0,,60000,Diario,0,"En curso",0,0,,,,,0,0,0,,
2026-04-18,2026-04-18,Prosmin,inactive,"7 días tras clic, 1 día tras visualización o 1 día tras visualización activa",,,0,0,,60000,Diario,0,"En curso",0,0,,,,,0,0,0,,
2026-04-18,2026-04-18,"Quitaoxido Addio 1 Litro",inactive,"7 días tras clic o 1 día tras visualización",,,0,0,,20000,Diario,0,"En curso",0,0,,,,,0,0,0,,
2026-04-18,2026-04-18,"BASE EN BARRA 2 EN 1",inactive,"7 días tras clic, 1 día tras visualización o 1 día tras visualización activa",,,0,0,,60000,Diario,0,"En curso",0,0,,,,,0,0,0,,
2026-04-17,2026-04-17,"KIT-DE-LIMPIEZA-PARA-BIBERONES - 26-04-2026",active,"7 días tras clic, 1 día tras visualización o 1 día tras visualización activa",,,0,0,,60000,Diario,0,"En curso",0,0,,,,,0,0,0,,
2026-04-17,2026-04-17,"Limpiador Eléctrico Biberones — 21 ABR",inactive,"7 días tras clic",,,0,0,,60000,Diario,0,"En curso",0,0,,,,,0,0,0,,
2026-04-17,2026-04-17,"KIT DE LIMPIEZA PARA BIBERONES",inactive,"7 días tras clic, 1 día tras visualización o 1 día tras visualización activa",10,actions:offsite_conversion.fb_pixel_purchase,10707,1.183898,10508.5,40000,Diario,105085,"En curso",12676,8290.075734,219,,479.840183,1.727674,305,2.406122,344.540984,179,587.067039
2026-04-17,2026-04-17,"Armadura Dental - Sensibilidad",inactive,"7 días tras clic, 1 día tras visualización o 1 día tras visualización activa",,,0,0,,60000,Diario,0,"En curso",0,0,,,,,0,0,0,,
2026-04-17,2026-04-17,"Armadura Dental",inactive,"7 días tras clic, 1 día tras visualización o 1 día tras visualización activa",,,0,0,,60000,Diario,0,"En curso",0,0,,,,,0,0,0,,
2026-04-17,2026-04-17,"Malla de seguridad para auto",inactive,"7 días tras clic, 1 día tras visualización o 1 día tras visualización activa",,,0,0,,30000,Diario,0,"En curso",0,0,,,,,0,0,0,,
2026-04-17,2026-04-17,CleanDriver,inactive,"7 días tras clic, 1 día tras visualización o 1 día tras visualización activa",,,0,0,,60000,Diario,0,"En curso",0,0,,,,,0,0,0,,
2026-04-17,2026-04-17,Prosmin,inactive,"7 días tras clic, 1 día tras visualización o 1 día tras visualización activa",,,0,0,,60000,Diario,0,"En curso",0,0,,,,,0,0,0,,
2026-04-17,2026-04-17,"Quitaoxido Addio 1 Litro",inactive,"7 días tras clic o 1 día tras visualización",,,0,0,,20000,Diario,0,"En curso",0,0,,,,,0,0,0,,
2026-04-17,2026-04-17,"BASE EN BARRA 2 EN 1",inactive,"7 días tras clic, 1 día tras visualización o 1 día tras visualización activa",,,0,0,,60000,Diario,0,"En curso",0,0,,,,,0,0,0,,
2026-04-16,2026-04-16,"KIT-DE-LIMPIEZA-PARA-BIBERONES - 26-04-2026",active,"7 días tras clic, 1 día tras visualización o 1 día tras visualización activa",,,0,0,,60000,Diario,0,"En curso",0,0,,,,,0,0,0,,
2026-04-16,2026-04-16,"Limpiador Eléctrico Biberones — 21 ABR",inactive,"7 días tras clic",,,0,0,,60000,Diario,0,"En curso",0,0,,,,,0,0,0,,
2026-04-16,2026-04-16,"KIT DE LIMPIEZA PARA BIBERONES",inactive,"7 días tras clic, 1 día tras visualización o 1 día tras visualización activa",2,actions:offsite_conversion.fb_pixel_purchase,4501,1.236614,31076,40000,Diario,62152,"En curso",5566,11166.36723,114,,545.192982,2.048149,161,2.892562,386.037267,97,640.742268
2026-04-16,2026-04-16,"Armadura Dental - Sensibilidad",inactive,"7 días tras clic, 1 día tras visualización o 1 día tras visualización activa",,,0,0,,60000,Diario,0,"En curso",0,0,,,,,0,0,0,,
2026-04-16,2026-04-16,"Armadura Dental",inactive,"7 días tras clic, 1 día tras visualización o 1 día tras visualización activa",,,0,0,,60000,Diario,0,"En curso",0,0,,,,,0,0,0,,
2026-04-16,2026-04-16,"Malla de seguridad para auto",inactive,"7 días tras clic, 1 día tras visualización o 1 día tras visualización activa",,,0,0,,30000,Diario,0,"En curso",0,0,,,,,0,0,0,,
2026-04-16,2026-04-16,CleanDriver,inactive,"7 días tras clic, 1 día tras visualización o 1 día tras visualización activa",,,0,0,,60000,Diario,0,"En curso",0,0,,,,,0,0,0,,
2026-04-16,2026-04-16,Prosmin,inactive,"7 días tras clic, 1 día tras visualización o 1 día tras visualización activa",,,0,0,,60000,Diario,0,"En curso",0,0,,,,,0,0,0,,
2026-04-16,2026-04-16,"Quitaoxido Addio 1 Litro",inactive,"7 días tras clic o 1 día tras visualización",,,0,0,,20000,Diario,0,"En curso",0,0,,,,,0,0,0,,
2026-04-16,2026-04-16,"BASE EN BARRA 2 EN 1",inactive,"7 días tras clic, 1 día tras visualización o 1 día tras visualización activa",,,0,0,,60000,Diario,0,"En curso",0,0,,,,,0,0,0,,
2026-04-15,2026-04-15,"KIT-DE-LIMPIEZA-PARA-BIBERONES - 26-04-2026",active,"7 días tras clic, 1 día tras visualización o 1 día tras visualización activa",,,0,0,,60000,Diario,0,"En curso",0,0,,,,,0,0,0,,
2026-04-15,2026-04-15,"Limpiador Eléctrico Biberones — 21 ABR",inactive,"7 días tras clic",,,0,0,,60000,Diario,0,"En curso",0,0,,,,,0,0,0,,
2026-04-15,2026-04-15,"KIT DE LIMPIEZA PARA BIBERONES",inactive,"7 días tras clic, 1 día tras visualización o 1 día tras visualización activa",6,actions:offsite_conversion.fb_pixel_purchase,4184,1.184273,11795.5,40000,Diario,70773,"En curso",4955,14283.148335,130,,544.407692,2.623613,170,3.430878,416.311765,111,637.594595
2026-04-15,2026-04-15,"Armadura Dental - Sensibilidad",inactive,"7 días tras clic, 1 día tras visualización o 1 día tras visualización activa",,,0,0,,60000,Diario,0,"En curso",0,0,,,,,0,0,0,,
2026-04-15,2026-04-15,"Armadura Dental",inactive,"7 días tras clic, 1 día tras visualización o 1 día tras visualización activa",,,0,0,,60000,Diario,0,"En curso",0,0,,,,,0,0,0,,
2026-04-15,2026-04-15,"Malla de seguridad para auto",inactive,"7 días tras clic, 1 día tras visualización o 1 día tras visualización activa",,,0,0,,30000,Diario,0,"En curso",0,0,,,,,0,0,0,,
2026-04-15,2026-04-15,CleanDriver,inactive,"7 días tras clic, 1 día tras visualización o 1 día tras visualización activa",,,0,0,,60000,Diario,0,"En curso",0,0,,,,,0,0,0,,
2026-04-15,2026-04-15,Prosmin,inactive,"7 días tras clic, 1 día tras visualización o 1 día tras visualización activa",,,0,0,,60000,Diario,0,"En curso",0,0,,,,,0,0,0,,
2026-04-15,2026-04-15,"Quitaoxido Addio 1 Litro",inactive,"7 días tras clic o 1 día tras visualización",,,0,0,,20000,Diario,0,"En curso",0,0,,,,,0,0,0,,
2026-04-15,2026-04-15,"BASE EN BARRA 2 EN 1",inactive,"7 días tras clic, 1 día tras visualización o 1 día tras visualización activa",,,0,0,,60000,Diario,0,"En curso",0,0,,,,,0,0,0,,
2026-04-14,2026-04-14,"KIT-DE-LIMPIEZA-PARA-BIBERONES - 26-04-2026",active,"7 días tras clic, 1 día tras visualización o 1 día tras visualización activa",,,0,0,,60000,Diario,0,"En curso",0,0,,,,,0,0,0,,
2026-04-14,2026-04-14,"Limpiador Eléctrico Biberones — 21 ABR",inactive,"7 días tras clic",,,0,0,,60000,Diario,0,"En curso",0,0,,,,,0,0,0,,
2026-04-14,2026-04-14,"KIT DE LIMPIEZA PARA BIBERONES",inactive,"7 días tras clic, 1 día tras visualización o 1 día tras visualización activa",,,0,0,,40000,Diario,0,"En curso",0,0,,,,,0,0,0,,
2026-04-14,2026-04-14,"Armadura Dental - Sensibilidad",inactive,"7 días tras clic, 1 día tras visualización o 1 día tras visualización activa",1,actions:offsite_conversion.fb_pixel_purchase,0,0,0,60000,Diario,0,"En curso",0,0,,,,,0,0,0,,
2026-04-14,2026-04-14,"Armadura Dental",inactive,"7 días tras clic, 1 día tras visualización o 1 día tras visualización activa",,,0,0,,60000,Diario,0,"En curso",0,0,,,,,0,0,0,,
2026-04-14,2026-04-14,"Malla de seguridad para auto",inactive,"7 días tras clic, 1 día tras visualización o 1 día tras visualización activa",,,0,0,,30000,Diario,0,"En curso",0,0,,,,,0,0,0,,
2026-04-14,2026-04-14,CleanDriver,inactive,"7 días tras clic, 1 día tras visualización o 1 día tras visualización activa",,,0,0,,60000,Diario,0,"En curso",0,0,,,,,0,0,0,,
2026-04-14,2026-04-14,Prosmin,inactive,"7 días tras clic, 1 día tras visualización o 1 día tras visualización activa",,,0,0,,60000,Diario,0,"En curso",0,0,,,,,0,0,0,,
2026-04-14,2026-04-14,"Quitaoxido Addio 1 Litro",inactive,"7 días tras clic o 1 día tras visualización",,,0,0,,20000,Diario,0,"En curso",0,0,,,,,0,0,0,,
2026-04-14,2026-04-14,"BASE EN BARRA 2 EN 1",inactive,"7 días tras clic, 1 día tras visualización o 1 día tras visualización activa",,,0,0,,60000,Diario,0,"En curso",0,0,,,,,0,0,0,,
2026-04-13,2026-04-13,"KIT-DE-LIMPIEZA-PARA-BIBERONES - 26-04-2026",active,"7 días tras clic, 1 día tras visualización o 1 día tras visualización activa",,,0,0,,60000,Diario,0,"En curso",0,0,,,,,0,0,0,,
2026-04-13,2026-04-13,"Limpiador Eléctrico Biberones — 21 ABR",inactive,"7 días tras clic",,,0,0,,60000,Diario,0,"En curso",0,0,,,,,0,0,0,,
2026-04-13,2026-04-13,"KIT DE LIMPIEZA PARA BIBERONES",inactive,"7 días tras clic, 1 día tras visualización o 1 día tras visualización activa",,,0,0,,40000,Diario,0,"En curso",0,0,,,,,0,0,0,,
2026-04-13,2026-04-13,"Armadura Dental - Sensibilidad",inactive,"7 días tras clic, 1 día tras visualización o 1 día tras visualización activa",,,0,0,,60000,Diario,0,"En curso",0,0,,,,,0,0,0,,
2026-04-13,2026-04-13,"Armadura Dental",inactive,"7 días tras clic, 1 día tras visualización o 1 día tras visualización activa",,,0,0,,60000,Diario,0,"En curso",0,0,,,,,0,0,0,,
2026-04-13,2026-04-13,"Malla de seguridad para auto",inactive,"7 días tras clic, 1 día tras visualización o 1 día tras visualización activa",,,0,0,,30000,Diario,0,"En curso",0,0,,,,,0,0,0,,
2026-04-13,2026-04-13,CleanDriver,inactive,"7 días tras clic, 1 día tras visualización o 1 día tras visualización activa",,,0,0,,60000,Diario,0,"En curso",0,0,,,,,0,0,0,,
2026-04-13,2026-04-13,Prosmin,inactive,"7 días tras clic, 1 día tras visualización o 1 día tras visualización activa",,,0,0,,60000,Diario,0,"En curso",0,0,,,,,0,0,0,,
2026-04-13,2026-04-13,"Quitaoxido Addio 1 Litro",inactive,"7 días tras clic o 1 día tras visualización",,,0,0,,20000,Diario,0,"En curso",0,0,,,,,0,0,0,,
2026-04-13,2026-04-13,"BASE EN BARRA 2 EN 1",inactive,"7 días tras clic, 1 día tras visualización o 1 día tras visualización activa",,,0,0,,60000,Diario,0,"En curso",0,0,,,,,0,0,0,,
2026-04-12,2026-04-12,"KIT-DE-LIMPIEZA-PARA-BIBERONES - 26-04-2026",active,"7 días tras clic, 1 día tras visualización o 1 día tras visualización activa",,,0,0,,60000,Diario,0,"En curso",0,0,,,,,0,0,0,,
2026-04-12,2026-04-12,"Limpiador Eléctrico Biberones — 21 ABR",inactive,"7 días tras clic",,,0,0,,60000,Diario,0,"En curso",0,0,,,,,0,0,0,,
2026-04-12,2026-04-12,"KIT DE LIMPIEZA PARA BIBERONES",inactive,"7 días tras clic, 1 día tras visualización o 1 día tras visualización activa",,,0,0,,40000,Diario,0,"En curso",0,0,,,,,0,0,0,,
2026-04-12,2026-04-12,"Armadura Dental - Sensibilidad",inactive,"7 días tras clic, 1 día tras visualización o 1 día tras visualización activa",,,0,0,,60000,Diario,0,"En curso",0,0,,,,,0,0,0,,
2026-04-12,2026-04-12,"Armadura Dental",inactive,"7 días tras clic, 1 día tras visualización o 1 día tras visualización activa",,,0,0,,60000,Diario,0,"En curso",0,0,,,,,0,0,0,,
2026-04-12,2026-04-12,"Malla de seguridad para auto",inactive,"7 días tras clic, 1 día tras visualización o 1 día tras visualización activa",,,0,0,,30000,Diario,0,"En curso",0,0,,,,,0,0,0,,
2026-04-12,2026-04-12,CleanDriver,inactive,"7 días tras clic, 1 día tras visualización o 1 día tras visualización activa",,,0,0,,60000,Diario,0,"En curso",0,0,,,,,0,0,0,,
2026-04-12,2026-04-12,Prosmin,inactive,"7 días tras clic, 1 día tras visualización o 1 día tras visualización activa",,,0,0,,60000,Diario,0,"En curso",0,0,,,,,0,0,0,,
2026-04-12,2026-04-12,"Quitaoxido Addio 1 Litro",inactive,"7 días tras clic o 1 día tras visualización",,,0,0,,20000,Diario,0,"En curso",0,0,,,,,0,0,0,,
2026-04-12,2026-04-12,"BASE EN BARRA 2 EN 1",inactive,"7 días tras clic, 1 día tras visualización o 1 día tras visualización activa",,,0,0,,60000,Diario,0,"En curso",0,0,,,,,0,0,0,,
2026-04-11,2026-04-11,"KIT-DE-LIMPIEZA-PARA-BIBERONES - 26-04-2026",active,"7 días tras clic, 1 día tras visualización o 1 día tras visualización activa",,,0,0,,60000,Diario,0,"En curso",0,0,,,,,0,0,0,,
2026-04-11,2026-04-11,"Limpiador Eléctrico Biberones — 21 ABR",inactive,"7 días tras clic",,,0,0,,60000,Diario,0,"En curso",0,0,,,,,0,0,0,,
2026-04-11,2026-04-11,"KIT DE LIMPIEZA PARA BIBERONES",inactive,"7 días tras clic, 1 día tras visualización o 1 día tras visualización activa",,,0,0,,40000,Diario,0,"En curso",0,0,,,,,0,0,0,,
2026-04-11,2026-04-11,"Armadura Dental - Sensibilidad",inactive,"7 días tras clic, 1 día tras visualización o 1 día tras visualización activa",,,1679,1.161406,,60000,Diario,48145,"En curso",1950,24689.74359,30,,1604.833333,1.538462,48,2.461538,1003.020833,24,2006.041667
2026-04-11,2026-04-11,"Armadura Dental",inactive,"7 días tras clic, 1 día tras visualización o 1 día tras visualización activa",,,0,0,,60000,Diario,0,"En curso",0,0,,,,,0,0,0,,
2026-04-11,2026-04-11,"Malla de seguridad para auto",inactive,"7 días tras clic, 1 día tras visualización o 1 día tras visualización activa",,,0,0,,30000,Diario,0,"En curso",0,0,,,,,0,0,0,,
2026-04-11,2026-04-11,CleanDriver,inactive,"7 días tras clic, 1 día tras visualización o 1 día tras visualización activa",,,0,0,,60000,Diario,0,"En curso",0,0,,,,,0,0,0,,
2026-04-11,2026-04-11,Prosmin,inactive,"7 días tras clic, 1 día tras visualización o 1 día tras visualización activa",,,0,0,,60000,Diario,0,"En curso",0,0,,,,,0,0,0,,
2026-04-11,2026-04-11,"Quitaoxido Addio 1 Litro",inactive,"7 días tras clic o 1 día tras visualización",,,0,0,,20000,Diario,0,"En curso",0,0,,,,,0,0,0,,
2026-04-11,2026-04-11,"BASE EN BARRA 2 EN 1",inactive,"7 días tras clic, 1 día tras visualización o 1 día tras visualización activa",,,0,0,,60000,Diario,0,"En curso",0,0,,,,,0,0,0,,
2026-04-10,2026-04-10,"KIT-DE-LIMPIEZA-PARA-BIBERONES - 26-04-2026",active,"7 días tras clic, 1 día tras visualización o 1 día tras visualización activa",,,0,0,,60000,Diario,0,"En curso",0,0,,,,,0,0,0,,
2026-04-10,2026-04-10,"Limpiador Eléctrico Biberones — 21 ABR",inactive,"7 días tras clic",,,0,0,,60000,Diario,0,"En curso",0,0,,,,,0,0,0,,
2026-04-10,2026-04-10,"KIT DE LIMPIEZA PARA BIBERONES",inactive,"7 días tras clic, 1 día tras visualización o 1 día tras visualización activa",,,0,0,,40000,Diario,0,"En curso",0,0,,,,,0,0,0,,
2026-04-10,2026-04-10,"Armadura Dental - Sensibilidad",inactive,"7 días tras clic, 1 día tras visualización o 1 día tras visualización activa",,,3870,1.219121,,60000,Diario,83671,"En curso",4718,17734.421365,72,,1162.097222,1.52607,115,2.437474,727.573913,49,1707.571429
2026-04-10,2026-04-10,"Armadura Dental",inactive,"7 días tras clic, 1 día tras visualización o 1 día tras visualización activa",,,0,0,,60000,Diario,0,"En curso",0,0,,,,,0,0,0,,
2026-04-10,2026-04-10,"Malla de seguridad para auto",inactive,"7 días tras clic, 1 día tras visualización o 1 día tras visualización activa",,,0,0,,30000,Diario,0,"En curso",0,0,,,,,0,0,0,,
2026-04-10,2026-04-10,CleanDriver,inactive,"7 días tras clic, 1 día tras visualización o 1 día tras visualización activa",,,0,0,,60000,Diario,0,"En curso",0,0,,,,,0,0,0,,
2026-04-10,2026-04-10,Prosmin,inactive,"7 días tras clic, 1 día tras visualización o 1 día tras visualización activa",,,0,0,,60000,Diario,0,"En curso",0,0,,,,,0,0,0,,
2026-04-10,2026-04-10,"Quitaoxido Addio 1 Litro",inactive,"7 días tras clic o 1 día tras visualización",,,0,0,,20000,Diario,0,"En curso",0,0,,,,,0,0,0,,
2026-04-10,2026-04-10,"BASE EN BARRA 2 EN 1",inactive,"7 días tras clic, 1 día tras visualización o 1 día tras visualización activa",,,0,0,,60000,Diario,0,"En curso",0,0,,,,,0,0,0,,
2026-04-09,2026-04-09,"KIT-DE-LIMPIEZA-PARA-BIBERONES - 26-04-2026",active,"7 días tras clic, 1 día tras visualización o 1 día tras visualización activa",,,0,0,,60000,Diario,0,"En curso",0,0,,,,,0,0,0,,
2026-04-09,2026-04-09,"Limpiador Eléctrico Biberones — 21 ABR",inactive,"7 días tras clic",,,0,0,,60000,Diario,0,"En curso",0,0,,,,,0,0,0,,
2026-04-09,2026-04-09,"KIT DE LIMPIEZA PARA BIBERONES",inactive,"7 días tras clic, 1 día tras visualización o 1 día tras visualización activa",,,0,0,,40000,Diario,0,"En curso",0,0,,,,,0,0,0,,
2026-04-09,2026-04-09,"Armadura Dental - Sensibilidad",inactive,"7 días tras clic, 1 día tras visualización o 1 día tras visualización activa",,,0,0,,60000,Diario,0,"En curso",0,0,,,,,0,0,0,,
2026-04-09,2026-04-09,"Armadura Dental",inactive,"7 días tras clic, 1 día tras visualización o 1 día tras visualización activa",,,0,0,,60000,Diario,0,"En curso",0,0,,,,,0,0,0,,
2026-04-09,2026-04-09,"Malla de seguridad para auto",inactive,"7 días tras clic, 1 día tras visualización o 1 día tras visualización activa",,,0,0,,30000,Diario,0,"En curso",0,0,,,,,0,0,0,,
2026-04-09,2026-04-09,CleanDriver,inactive,"7 días tras clic, 1 día tras visualización o 1 día tras visualización activa",,,0,0,,60000,Diario,0,"En curso",0,0,,,,,0,0,0,,
2026-04-09,2026-04-09,Prosmin,inactive,"7 días tras clic, 1 día tras visualización o 1 día tras visualización activa",,,0,0,,60000,Diario,0,"En curso",0,0,,,,,0,0,0,,
2026-04-09,2026-04-09,"Quitaoxido Addio 1 Litro",inactive,"7 días tras clic o 1 día tras visualización",,,0,0,,20000,Diario,0,"En curso",0,0,,,,,0,0,0,,
2026-04-09,2026-04-09,"BASE EN BARRA 2 EN 1",inactive,"7 días tras clic, 1 día tras visualización o 1 día tras visualización activa",,,0,0,,60000,Diario,0,"En curso",0,0,,,,,0,0,0,,
2026-04-08,2026-04-08,"KIT-DE-LIMPIEZA-PARA-BIBERONES - 26-04-2026",active,"7 días tras clic, 1 día tras visualización o 1 día tras visualización activa",,,0,0,,60000,Diario,0,"En curso",0,0,,,,,0,0,0,,
2026-04-08,2026-04-08,"Limpiador Eléctrico Biberones — 21 ABR",inactive,"7 días tras clic",,,0,0,,60000,Diario,0,"En curso",0,0,,,,,0,0,0,,
2026-04-08,2026-04-08,"KIT DE LIMPIEZA PARA BIBERONES",inactive,"7 días tras clic, 1 día tras visualización o 1 día tras visualización activa",,,0,0,,40000,Diario,0,"En curso",0,0,,,,,0,0,0,,
2026-04-08,2026-04-08,"Armadura Dental - Sensibilidad",inactive,"7 días tras clic, 1 día tras visualización o 1 día tras visualización activa",,,0,0,,60000,Diario,0,"En curso",0,0,,,,,0,0,0,,
2026-04-08,2026-04-08,"Armadura Dental",inactive,"7 días tras clic, 1 día tras visualización o 1 día tras visualización activa",,,0,0,,60000,Diario,0,"En curso",0,0,,,,,0,0,0,,
2026-04-08,2026-04-08,"Malla de seguridad para auto",inactive,"7 días tras clic, 1 día tras visualización o 1 día tras visualización activa",,,0,0,,30000,Diario,0,"En curso",0,0,,,,,0,0,0,,
2026-04-08,2026-04-08,CleanDriver,inactive,"7 días tras clic, 1 día tras visualización o 1 día tras visualización activa",,,0,0,,60000,Diario,0,"En curso",0,0,,,,,0,0,0,,
2026-04-08,2026-04-08,Prosmin,inactive,"7 días tras clic, 1 día tras visualización o 1 día tras visualización activa",,,0,0,,60000,Diario,0,"En curso",0,0,,,,,0,0,0,,
2026-04-08,2026-04-08,"Quitaoxido Addio 1 Litro",inactive,"7 días tras clic o 1 día tras visualización",,,0,0,,20000,Diario,0,"En curso",0,0,,,,,0,0,0,,
2026-04-08,2026-04-08,"BASE EN BARRA 2 EN 1",inactive,"7 días tras clic, 1 día tras visualización o 1 día tras visualización activa",,,0,0,,60000,Diario,0,"En curso",0,0,,,,,0,0,0,,
2026-04-07,2026-04-07,"KIT-DE-LIMPIEZA-PARA-BIBERONES - 26-04-2026",active,"7 días tras clic, 1 día tras visualización o 1 día tras visualización activa",,,0,0,,60000,Diario,0,"En curso",0,0,,,,,0,0,0,,
2026-04-07,2026-04-07,"Limpiador Eléctrico Biberones — 21 ABR",inactive,"7 días tras clic",,,0,0,,60000,Diario,0,"En curso",0,0,,,,,0,0,0,,
2026-04-07,2026-04-07,"KIT DE LIMPIEZA PARA BIBERONES",inactive,"7 días tras clic, 1 día tras visualización o 1 día tras visualización activa",,,0,0,,40000,Diario,0,"En curso",0,0,,,,,0,0,0,,
2026-04-07,2026-04-07,"Armadura Dental - Sensibilidad",inactive,"7 días tras clic, 1 día tras visualización o 1 día tras visualización activa",,,0,0,,60000,Diario,0,"En curso",0,0,,,,,0,0,0,,
2026-04-07,2026-04-07,"Armadura Dental",inactive,"7 días tras clic, 1 día tras visualización o 1 día tras visualización activa",,,0,0,,60000,Diario,0,"En curso",0,0,,,,,0,0,0,,
2026-04-07,2026-04-07,"Malla de seguridad para auto",inactive,"7 días tras clic, 1 día tras visualización o 1 día tras visualización activa",,,0,0,,30000,Diario,0,"En curso",0,0,,,,,0,0,0,,
2026-04-07,2026-04-07,CleanDriver,inactive,"7 días tras clic, 1 día tras visualización o 1 día tras visualización activa",,,0,0,,60000,Diario,0,"En curso",0,0,,,,,0,0,0,,
2026-04-07,2026-04-07,Prosmin,inactive,"7 días tras clic, 1 día tras visualización o 1 día tras visualización activa",,,0,0,,60000,Diario,0,"En curso",0,0,,,,,0,0,0,,
2026-04-07,2026-04-07,"Quitaoxido Addio 1 Litro",inactive,"7 días tras clic o 1 día tras visualización",,,0,0,,20000,Diario,0,"En curso",0,0,,,,,0,0,0,,
2026-04-07,2026-04-07,"BASE EN BARRA 2 EN 1",inactive,"7 días tras clic, 1 día tras visualización o 1 día tras visualización activa",,,0,0,,60000,Diario,0,"En curso",0,0,,,,,0,0,0,,
2026-04-06,2026-04-06,"KIT-DE-LIMPIEZA-PARA-BIBERONES - 26-04-2026",active,"7 días tras clic, 1 día tras visualización o 1 día tras visualización activa",,,0,0,,60000,Diario,0,"En curso",0,0,,,,,0,0,0,,
2026-04-06,2026-04-06,"Limpiador Eléctrico Biberones — 21 ABR",inactive,"7 días tras clic",,,0,0,,60000,Diario,0,"En curso",0,0,,,,,0,0,0,,
2026-04-06,2026-04-06,"KIT DE LIMPIEZA PARA BIBERONES",inactive,"7 días tras clic, 1 día tras visualización o 1 día tras visualización activa",,,0,0,,40000,Diario,0,"En curso",0,0,,,,,0,0,0,,
2026-04-06,2026-04-06,"Armadura Dental - Sensibilidad",inactive,"7 días tras clic, 1 día tras visualización o 1 día tras visualización activa",,,0,0,,60000,Diario,0,"En curso",0,0,,,,,0,0,0,,
2026-04-06,2026-04-06,"Armadura Dental",inactive,"7 días tras clic, 1 día tras visualización o 1 día tras visualización activa",,,0,0,,60000,Diario,0,"En curso",0,0,,,,,0,0,0,,
2026-04-06,2026-04-06,"Malla de seguridad para auto",inactive,"7 días tras clic, 1 día tras visualización o 1 día tras visualización activa",,,0,0,,30000,Diario,0,"En curso",0,0,,,,,0,0,0,,
2026-04-06,2026-04-06,CleanDriver,inactive,"7 días tras clic, 1 día tras visualización o 1 día tras visualización activa",,,0,0,,60000,Diario,0,"En curso",0,0,,,,,0,0,0,,
2026-04-06,2026-04-06,Prosmin,inactive,"7 días tras clic, 1 día tras visualización o 1 día tras visualización activa",,,0,0,,60000,Diario,0,"En curso",0,0,,,,,0,0,0,,
2026-04-06,2026-04-06,"Quitaoxido Addio 1 Litro",inactive,"7 días tras clic o 1 día tras visualización",,,0,0,,20000,Diario,0,"En curso",0,0,,,,,0,0,0,,
2026-04-06,2026-04-06,"BASE EN BARRA 2 EN 1",inactive,"7 días tras clic, 1 día tras visualización o 1 día tras visualización activa",,,0,0,,60000,Diario,0,"En curso",0,0,,,,,0,0,0,,
2026-04-05,2026-04-05,"KIT-DE-LIMPIEZA-PARA-BIBERONES - 26-04-2026",active,"7 días tras clic, 1 día tras visualización o 1 día tras visualización activa",,,0,0,,60000,Diario,0,"En curso",0,0,,,,,0,0,0,,
2026-04-05,2026-04-05,"Limpiador Eléctrico Biberones — 21 ABR",inactive,"7 días tras clic",,,0,0,,60000,Diario,0,"En curso",0,0,,,,,0,0,0,,
2026-04-05,2026-04-05,"KIT DE LIMPIEZA PARA BIBERONES",inactive,"7 días tras clic, 1 día tras visualización o 1 día tras visualización activa",,,0,0,,40000,Diario,0,"En curso",0,0,,,,,0,0,0,,
2026-04-05,2026-04-05,"Armadura Dental - Sensibilidad",inactive,"7 días tras clic, 1 día tras visualización o 1 día tras visualización activa",,,0,0,,60000,Diario,0,"En curso",0,0,,,,,0,0,0,,
2026-04-05,2026-04-05,"Armadura Dental",inactive,"7 días tras clic, 1 día tras visualización o 1 día tras visualización activa",,,0,0,,60000,Diario,0,"En curso",0,0,,,,,0,0,0,,
2026-04-05,2026-04-05,"Malla de seguridad para auto",inactive,"7 días tras clic, 1 día tras visualización o 1 día tras visualización activa",,,0,0,,30000,Diario,0,"En curso",0,0,,,,,0,0,0,,
2026-04-05,2026-04-05,CleanDriver,inactive,"7 días tras clic, 1 día tras visualización o 1 día tras visualización activa",,,0,0,,60000,Diario,0,"En curso",0,0,,,,,0,0,0,,
2026-04-05,2026-04-05,Prosmin,inactive,"7 días tras clic, 1 día tras visualización o 1 día tras visualización activa",,,0,0,,60000,Diario,0,"En curso",0,0,,,,,0,0,0,,
2026-04-05,2026-04-05,"Quitaoxido Addio 1 Litro",inactive,"7 días tras clic o 1 día tras visualización",,,0,0,,20000,Diario,0,"En curso",0,0,,,,,0,0,0,,
2026-04-05,2026-04-05,"BASE EN BARRA 2 EN 1",inactive,"7 días tras clic, 1 día tras visualización o 1 día tras visualización activa",,,0,0,,60000,Diario,0,"En curso",0,0,,,,,0,0,0,,
2026-04-04,2026-04-04,"KIT-DE-LIMPIEZA-PARA-BIBERONES - 26-04-2026",active,"7 días tras clic, 1 día tras visualización o 1 día tras visualización activa",,,0,0,,60000,Diario,0,"En curso",0,0,,,,,0,0,0,,
2026-04-04,2026-04-04,"Limpiador Eléctrico Biberones — 21 ABR",inactive,"7 días tras clic",,,0,0,,60000,Diario,0,"En curso",0,0,,,,,0,0,0,,
2026-04-04,2026-04-04,"KIT DE LIMPIEZA PARA BIBERONES",inactive,"7 días tras clic, 1 día tras visualización o 1 día tras visualización activa",,,0,0,,40000,Diario,0,"En curso",0,0,,,,,0,0,0,,
2026-04-04,2026-04-04,"Armadura Dental - Sensibilidad",inactive,"7 días tras clic, 1 día tras visualización o 1 día tras visualización activa",,,0,0,,60000,Diario,0,"En curso",0,0,,,,,0,0,0,,
2026-04-04,2026-04-04,"Armadura Dental",inactive,"7 días tras clic, 1 día tras visualización o 1 día tras visualización activa",,,0,0,,60000,Diario,0,"En curso",0,0,,,,,0,0,0,,
2026-04-04,2026-04-04,"Malla de seguridad para auto",inactive,"7 días tras clic, 1 día tras visualización o 1 día tras visualización activa",,,0,0,,30000,Diario,0,"En curso",0,0,,,,,0,0,0,,
2026-04-04,2026-04-04,CleanDriver,inactive,"7 días tras clic, 1 día tras visualización o 1 día tras visualización activa",,,0,0,,60000,Diario,0,"En curso",0,0,,,,,0,0,0,,
2026-04-04,2026-04-04,Prosmin,inactive,"7 días tras clic, 1 día tras visualización o 1 día tras visualización activa",,,0,0,,60000,Diario,0,"En curso",0,0,,,,,0,0,0,,
2026-04-04,2026-04-04,"Quitaoxido Addio 1 Litro",inactive,"7 días tras clic o 1 día tras visualización",,,0,0,,20000,Diario,0,"En curso",0,0,,,,,0,0,0,,
2026-04-04,2026-04-04,"BASE EN BARRA 2 EN 1",inactive,"7 días tras clic, 1 día tras visualización o 1 día tras visualización activa",,,0,0,,60000,Diario,0,"En curso",0,0,,,,,0,0,0,,
2026-04-03,2026-04-03,"KIT-DE-LIMPIEZA-PARA-BIBERONES - 26-04-2026",active,"7 días tras clic, 1 día tras visualización o 1 día tras visualización activa",,,0,0,,60000,Diario,0,"En curso",0,0,,,,,0,0,0,,
2026-04-03,2026-04-03,"Limpiador Eléctrico Biberones — 21 ABR",inactive,"7 días tras clic",,,0,0,,60000,Diario,0,"En curso",0,0,,,,,0,0,0,,
2026-04-03,2026-04-03,"KIT DE LIMPIEZA PARA BIBERONES",inactive,"7 días tras clic, 1 día tras visualización o 1 día tras visualización activa",,,0,0,,40000,Diario,0,"En curso",0,0,,,,,0,0,0,,
2026-04-03,2026-04-03,"Armadura Dental - Sensibilidad",inactive,"7 días tras clic, 1 día tras visualización o 1 día tras visualización activa",,,0,0,,60000,Diario,0,"En curso",0,0,,,,,0,0,0,,
2026-04-03,2026-04-03,"Armadura Dental",inactive,"7 días tras clic, 1 día tras visualización o 1 día tras visualización activa",,,0,0,,60000,Diario,0,"En curso",0,0,,,,,0,0,0,,
2026-04-03,2026-04-03,"Malla de seguridad para auto",inactive,"7 días tras clic, 1 día tras visualización o 1 día tras visualización activa",,,0,0,,30000,Diario,0,"En curso",0,0,,,,,0,0,0,,
2026-04-03,2026-04-03,CleanDriver,inactive,"7 días tras clic, 1 día tras visualización o 1 día tras visualización activa",,,0,0,,60000,Diario,0,"En curso",0,0,,,,,0,0,0,,
2026-04-03,2026-04-03,Prosmin,inactive,"7 días tras clic, 1 día tras visualización o 1 día tras visualización activa",,,0,0,,60000,Diario,0,"En curso",0,0,,,,,0,0,0,,
2026-04-03,2026-04-03,"Quitaoxido Addio 1 Litro",inactive,"7 días tras clic o 1 día tras visualización",,,0,0,,20000,Diario,0,"En curso",0,0,,,,,0,0,0,,
2026-04-03,2026-04-03,"BASE EN BARRA 2 EN 1",inactive,"7 días tras clic, 1 día tras visualización o 1 día tras visualización activa",,,0,0,,60000,Diario,0,"En curso",0,0,,,,,0,0,0,,
2026-04-02,2026-04-02,"KIT-DE-LIMPIEZA-PARA-BIBERONES - 26-04-2026",active,"7 días tras clic, 1 día tras visualización o 1 día tras visualización activa",,,0,0,,60000,Diario,0,"En curso",0,0,,,,,0,0,0,,
2026-04-02,2026-04-02,"Limpiador Eléctrico Biberones — 21 ABR",inactive,"7 días tras clic",,,0,0,,60000,Diario,0,"En curso",0,0,,,,,0,0,0,,
2026-04-02,2026-04-02,"KIT DE LIMPIEZA PARA BIBERONES",inactive,"7 días tras clic, 1 día tras visualización o 1 día tras visualización activa",,,0,0,,40000,Diario,0,"En curso",0,0,,,,,0,0,0,,
2026-04-02,2026-04-02,"Armadura Dental - Sensibilidad",inactive,"7 días tras clic, 1 día tras visualización o 1 día tras visualización activa",,,0,0,,60000,Diario,0,"En curso",0,0,,,,,0,0,0,,
2026-04-02,2026-04-02,"Armadura Dental",inactive,"7 días tras clic, 1 día tras visualización o 1 día tras visualización activa",,,0,0,,60000,Diario,0,"En curso",0,0,,,,,0,0,0,,
2026-04-02,2026-04-02,"Malla de seguridad para auto",inactive,"7 días tras clic, 1 día tras visualización o 1 día tras visualización activa",,,0,0,,30000,Diario,0,"En curso",0,0,,,,,0,0,0,,
2026-04-02,2026-04-02,CleanDriver,inactive,"7 días tras clic, 1 día tras visualización o 1 día tras visualización activa",,,0,0,,60000,Diario,0,"En curso",0,0,,,,,0,0,0,,
2026-04-02,2026-04-02,Prosmin,inactive,"7 días tras clic, 1 día tras visualización o 1 día tras visualización activa",,,0,0,,60000,Diario,0,"En curso",0,0,,,,,0,0,0,,
2026-04-02,2026-04-02,"Quitaoxido Addio 1 Litro",inactive,"7 días tras clic o 1 día tras visualización",,,0,0,,20000,Diario,0,"En curso",0,0,,,,,0,0,0,,
2026-04-02,2026-04-02,"BASE EN BARRA 2 EN 1",inactive,"7 días tras clic, 1 día tras visualización o 1 día tras visualización activa",,,0,0,,60000,Diario,0,"En curso",0,0,,,,,0,0,0,,
2026-04-01,2026-04-01,"KIT-DE-LIMPIEZA-PARA-BIBERONES - 26-04-2026",active,"7 días tras clic, 1 día tras visualización o 1 día tras visualización activa",,,0,0,,60000,Diario,0,"En curso",0,0,,,,,0,0,0,,
2026-04-01,2026-04-01,"Limpiador Eléctrico Biberones — 21 ABR",inactive,"7 días tras clic",,,0,0,,60000,Diario,0,"En curso",0,0,,,,,0,0,0,,
2026-04-01,2026-04-01,"KIT DE LIMPIEZA PARA BIBERONES",inactive,"7 días tras clic, 1 día tras visualización o 1 día tras visualización activa",,,0,0,,40000,Diario,0,"En curso",0,0,,,,,0,0,0,,
2026-04-01,2026-04-01,"Armadura Dental - Sensibilidad",inactive,"7 días tras clic, 1 día tras visualización o 1 día tras visualización activa",,,0,0,,60000,Diario,0,"En curso",0,0,,,,,0,0,0,,
2026-04-01,2026-04-01,"Armadura Dental",inactive,"7 días tras clic, 1 día tras visualización o 1 día tras visualización activa",,,2335,1.287366,,60000,Diario,51533,"En curso",3006,17143.379907,35,,1472.371429,1.164338,55,1.829674,936.963636,23,2240.565217
2026-04-01,2026-04-01,"Malla de seguridad para auto",inactive,"7 días tras clic, 1 día tras visualización o 1 día tras visualización activa",,,0,0,,30000,Diario,0,"En curso",0,0,,,,,0,0,0,,
2026-04-01,2026-04-01,CleanDriver,inactive,"7 días tras clic, 1 día tras visualización o 1 día tras visualización activa",,,0,0,,60000,Diario,0,"En curso",0,0,,,,,0,0,0,,
2026-04-01,2026-04-01,Prosmin,inactive,"7 días tras clic, 1 día tras visualización o 1 día tras visualización activa",,,0,0,,60000,Diario,0,"En curso",0,0,,,,,0,0,0,,
2026-04-01,2026-04-01,"Quitaoxido Addio 1 Litro",inactive,"7 días tras clic o 1 día tras visualización",,,0,0,,20000,Diario,0,"En curso",0,0,,,,,0,0,0,,
2026-04-01,2026-04-01,"BASE EN BARRA 2 EN 1",inactive,"7 días tras clic, 1 día tras visualización o 1 día tras visualización activa",,,0,0,,60000,Diario,0,"En curso",0,0,,,,,0,0,0,,
